accession,strain
AY684917,FSR-052
AF067641,Rs922
AF308622,AG-2-2 WB
AF308621,AG-2-2 WB
AF308623,AG-2-2 WB
AF308626,AG-1-IF
AF308627,AG-1-IF
AF308628,AG-1-IE
AF308629,AG-1-IE
AF308631,AG-1-IA
AF354114,AG11
AF354115,AG11
AY241672,AG 2-1
AY241673,AG 2-1
AY241674,AG 2-1
AY545999,AG5
DQ355130,AG2-1
DQ355131,AG2-1
DQ355132,AG2-1
DQ355133,AG2-1
DQ355134,AG2-1
DQ355135,AG2-1
DQ355137,AG2-1
DQ355139,AG5
DQ447859,AG-1-IA
DQ447860,AG-1-IE
DQ447861,AG-1-IE
DQ447863,AG-1-IE
DQ447864,AG-1-IE
DQ447866,AG-1-IE
DQ447867,AG-1-IE
DQ447868,AG-1-IE
DQ447869,AG-1-IE
DQ447870,AG-1-IE
DQ447871,AG-1-IE
DQ447872,AG-1-IE
DQ447873,AG-1-IE
DQ447874,AG-1-IE
DQ447875,AG-1-IE
DQ447876,AG-1-IE
DQ447877,AG-1-IE
DQ447878,AG-1-IF
DQ447879,AG-1-IF
DQ447880,AG-1-IF
DQ447881,AG-1-IF
DQ447882,AG-1-IF
DQ447883,AG-1-IF
DQ447884,AG-1-IF
DQ452098,AG-2-2 WB
DQ452099,AG-2-2 WB
DQ452100,AG-2-2 WB
DQ452101,AG-2-2 WB
DQ452102,AG-2-2 WB
DQ452103,AG-2-2 WB
DQ452104,AG-2-2 WB
DQ452105,AG-2-2 WB
DQ452106,AG-2-2 WB
DQ452107,AG-2-2 WB
DQ452108,AG-2-2 WB
DQ452109,AG-2-2 WB
DQ452110,AG-2-2 WB
DQ452111,AG-2-2 WB
DQ452112,AG-2-2 WB
DQ452113,AG-2-2 WB
DQ452114,AG-2-2 WB
DQ452115,AG-2-2 WB
DQ452116,AG-2-2 WB
DQ452117,AG-2-2 WB
DQ452118,AG-2-2 WB
DQ452119,AG-2-2 WB
DQ452120,AG-2-2 WB
DQ452121,AG-2-2 WB
DQ452122,AG-2-2 WB
DQ452123,AG-2-2 WB
DQ452124,AG-2-2 WB
DQ452125,AG-2-2 WB
DQ452126,AG-2-2 WB
DQ452127,AG-2-2 WB
DQ452128,AG-2-2 WB
DQ452129,AG-2-2 WB
DQ452130,AG-2-2 WB
DQ452131,AG-2-2 WB
DQ913010,AG-2-1
DQ913011,AG-3
DQ913012,AG-3
DQ913013,AG-3
DQ913014,AG-3
DQ913015,AG-3
DQ913016,AG-3
DQ913017,AG-3
DQ913018,AG-3
DQ913019,AG-3
DQ913020,AG-3
DQ913021,AG-3
DQ913022,AG-3
DQ913023,AG-3
DQ913024,AG-3
DQ913025,AG-3
DQ913026,AG-3
DQ913027,AG-3
DQ913028,AG-3
DQ913029,AG-3
DQ913030,AG-3
DQ913031,AG-3
DQ913032,AG-3
DQ913033,AG-3
DQ913034,AG-5
DQ913036,AG-2-1
DQ913037,AG-2-1
DQ913038,AG-3
DQ913039,AG-3
DQ913040,AG-3
DQ913041,AG-3
DQ913042,AG-3
DQ913043,AG-3
DQ913044,AG-3
DQ913045,AG-3
DQ913046,AG-3
DQ913047,AG-3
DQ913048,AG-3
DQ913049,AG-3
DQ913050,AG-3
DQ913051,AG-3
DQ913052,AG-3
DQ913053,AG-3
DQ913054,AG-3
DQ913055,AG-3
DQ913056,AG-3
DQ913057,AG-3
DQ913058,AG-3
DQ913059,AG-3
DQ913060,AG-3
DQ913061,AG-3
DQ913062,AG-3
DQ913063,AG-3
DQ913064,AG-3
DQ913065,AG-3
DQ913066,AG-3
DQ913067,AG-3
DQ913068,AG-3
DQ913069,AG-3
DQ913070,AG-3
DQ913071,AG-3
DQ913072,AG-3
DQ913073,AG-3
DQ913074,AG-3
DQ913075,AG-3
DQ913076,AG-3
DQ913077,AG-4
EF026574,AG-3
EF026575,AG-3
EF026576,AG-3
EF026577,AG-3
EF026578,AG-3
EF429316,AG1-IA
EF532825,AG-3
EF532826,AG-4
EF532827,AG-5
EF532828,AG-2-1
EU513130,AG 2-1
EU513131,AG 2-1
EU513132,AG 2-1
EU513133,AG 2-1
EU513134,AG 2-1
EU513135,AG 2-1
EU513136,AG 2-1
EU513137,AG 2-1
EU513138,AG 2-1
EU513139,AG 2-1
EU513140,AG 2-1
EU513141,AG 2-1
EU513142,AG 2-1
EU513143,AG 2-1
EU513144,AG 2-1
EU513145,AG 2-1
EU513146,AG 2-1
EU513147,AG 2-1
EU513148,AG 2-1
EU513149,AG 2-1
EU513150,AG 2-1
EU513151,AG 2-1
EU513152,AG 2-1
EU513153,AG 2-1
EU513154,AG 2-1
EU513155,AG 2-1
EU513156,AG 2-1
EU513157,AG 2-1
EU513158,AG 2-1
EU513159,AG 2-1
EU513160,AG 2-1
EU513161,AG 2-1
EU730789,R01
EU730790,R02
EU730791,R04
EU730792,R05
EU730793,R09
EU730794,R14
EU730795,R17
EU730796,R18
EU730797,R20
EU730798,R21
EU730799,R23
EU730802,R28
EU730803,R29
EU730804,R30
EU730805,R31
EU730806,R32
EU730807,R33
EU730808,R35
EU730809,R37
EU730810,R38
EU730811,R40
EU730812,R41
EU730813,R42
EU730815,R44
EU730816,R45
EU730817,R46
EU730818,R47
EU730819,R48
EU730820,R71
EU730821,R73
EU730822,R81
EU730823,R83
EU730824,R86
EU730825,R87
EU730826,R90
EU730827,R92
EU730828,R93
EU730829,R98
EU730830,R100
EU730831,R104
EU730834,R117
EU730835,R118
EU730836,R176
EU730837,R177
EU730838,R178
EU730839,R179
EU730840,R180
EU730841,R181
EU730842,R182
EU730843,R183
EU730844,R184
EU730845,R185
EU730846,R186
EU730847,R187
EU730848,R188
EU730849,R189
EU730850,R190
EU730851,R191
EU730853,R193
EU730854,R194
EU730855,R195
EU730856,R196
EU730857,R197
EU730858,R198
EU730861,R201
EU730863,R203
EU730864,R204
EU730866,R206
EU730867,R207
EU730868,R208
FJ534555,AF
FJ534556,HF
FJ492060,AG-4 HG-II
FJ492061,AG-4 HG-II
FJ492062,AG-4 HG-II
FJ492063,AG-4 HG-II
FJ492064,AG-4 HG-II
FJ492065,AG-4 HG-II
FJ492066,AG-4 HG-II
FJ492067,AG-4 HG-II
FJ492069,AG-4 HG-II
FJ492070,AG-4 HG-II
FJ492071,AG-4 HG-II
FJ492072,AG-4 HG-II
FJ492076,AG-4 HG-II
FJ492078,AG-4 HG-II
FJ492079,AG-4 HG-I
FJ492080,AG-4 HG-II
FJ492081,AG-2-2 IIIB
FJ492082,AG-4 HG-II
FJ492084,AG-4 HG-II
FJ492085,AG-4 HG-II
FJ492086,AG-4 HG-II
FJ492088,AG-4 HG-II
FJ492090,AG-4 HG-I
FJ492091,AG-4 HG-I
FJ492092,AG-4 HG-II
FJ492094,AG-4 HG-II
FJ492096,AG-4 HG-I
FJ492111,AG-4 HG-II
FJ492112,AG-2-2 IIIB
FJ492114,AG-2-2 IIIB
FJ492115,AG-4 HG-II
FJ492116,AG-4 HG-II
FJ492117,AG-4 HG-II
FJ492118,AG-4 HG-II
FJ492119,AG-4 HG-II
FJ492120,AG-4 HG-II
FJ492121,AG-2-2 IIIB
FJ492125,AG-4 HG-II
FJ492127,AG-2-2 IIIB
FJ492128,AG-2-2 IIIB
FJ492129,AG-4 HG-II
FJ492130,AG-4 HG-II
FJ492132,AG-4 HG-II
FJ492134,AG-4 HG-II
FJ492135,AG-4 HG-II
FJ492140,AG-2-2 IIIB
FJ492143,AG-2-2 IIIB
FJ492147,AG-2-2 IIIB
FJ492149,AG-2-2 IIIB
FJ492159,AG-2-2 IIIB
FJ435094,CSL1833; CBS 363.82; BBA 63010; AG-3
FJ435095,CSL1936; ATCC 76167; 03RUU; AG-3
FJ492075,AG-2-2 IIIB
FJ492083,AG-2-2 IV
FJ492087,AG-4 HG-II
FJ492089,AG-2-2 IIIB
FJ492093,AG-4 HG-II
FJ492095,AG-2-2 IIIB
FJ492113,AG-2-2 IIIB
FJ492122,AG-2-2 IIIB
FJ492123,AG-2-2 IIIB
FJ492124,AG-2-2 IIIB
FJ492131,AG-2-2 IIIB
FJ492133,AG-2-2 IIIB
FJ492136,AG-2-2 IIIB
FJ492137,AG-2-2 IIIB
FJ492138,AG-2-2 IIIB
FJ492139,AG-2-2 IIIB
FJ492141,AG-2-2 IIIB
FJ492142,AG-2-2 IIIB
FJ492144,AG-2-2 IIIB
FJ492145,AG-2-2 IIIB
FJ492146,AG-2-2 IIIB
FJ492148,AG-2-2 IIIB
FJ492150,AG-2-2 IIIB
FJ492151,AG-2-2 IIIB
FJ492152,AG-2-2 IIIB
FJ492153,AG-2-2 IIIB
FJ492154,AG-2-2 IIIB
FJ492155,AG-2-2 IIIB
FJ492156,AG-2-2 IIIB
FJ492157,AG-2-2 IIIB
FJ492160,AG-2-2 IIIB
FJ492161,AG-2-2 IIIB
FJ492162,AG-2-2 IIIB
FJ492163,AG-2-2 IIIB
FJ492164,AG-2-2 IIIB
FJ492165,AG-2-2 IIIB
GU585667,AG1-IB
GU596490,AG1-IB
GU596491,AG1-IB
GU596492,AG 2-1
GU596493,AG 2-1
GU811660,AG-2-2 IIIB
GU811661,AG-2-2 IIIB
GU811662,AG-2-2 IIIB
GU811663,AG-2-2 IIIB
GU811664,AG-2-2 IIIB
GU811665,AG-2-2 IIIB
GU811666,AG-2-2 IIIB
GU811667,AG-2-2 IIIB
GU811668,AG-2-2 IIIB
GU811669,AG-2-2 IIIB
GU811670,AG-2-2 IIIB
GU811671,AG-2-2 IIIB
GU811672,AG-2-2 IIIB
GU811673,AG-2-2 IIIB
GU811674,AG-2-2 IIIB
GU811675,AG-2-2 IIIB
GU811676,AG-2-2 IIIB
GU811677,AG-2-2 IIIB
GU811678,AG-2-2 IIIB
GU811679,AG-2-2 IIIB
GU811680,AG-2-2 IIIB
GU811681,AG-2-2 IIIB
GU811682,AG-2-2 IIIB
GU811683,AG-2-2 IIIB
GU811684,AG-2-2 IIIB
GU811685,AG-2-2 IIIB
GU811686,AG-2-2 IIIB
GU811687,AG-2-2 IIIB
GU811688,AG-2-2 IIIB
GU811689,AG-2-2 IIIB
JF817348,CanS-83
JF817349,CanS-84
HQ898669,MIAE00269
HQ898670,MIAE00231
HQ898671,MIAE00208
HQ898672,MIAE00262
HQ898673,MIAE00263
HQ898674,MIAE00264
HQ898675,MIAE00265
HQ898676,MIAE00266
HQ898677,MIAE00357
HQ898678,MIAE00189
HQ898679,MIAE00350
HQ898680,MIAE00072
HQ898681,MIAE00267
HQ898682,MIAE00268
HQ898683,MIAE00150
HQ898684,MIAE00152
HQ898685,MIAE00219
HQ898686,MIAE00270
HQ898687,MIAE00271
HQ898688,MIAE00006
HQ898689,MIAE00082
HQ898690,MIAE00083
HQ898691,MIAE00087
HQ898692,MIAE00090
HQ898693,MIAE00092
HQ898694,MIAE00093
HQ898695,MIAE00164
HQ898696,MIAE00165
HQ898697,MIAE00170
HQ898698,MIAE00176
HQ898699,MIAE00179
HQ898700,MIAE00185
HQ898701,MIAE00222
HQ898702,MIAE00224
HQ898703,MIAE00225
HQ898704,MIAE00226
HQ898705,MIAE00227
HQ898706,MIAE00228
HQ898707,MIAE00229
HQ898708,MIAE00232
HQ898709,MIAE00233
HQ898710,MIAE00235
HQ898711,MIAE00236
HQ898712,MIAE00237
HQ898713,MIAE00238
HQ898714,MIAE00239
HQ898715,MIAE00240
HQ898716,MIAE00241
HQ898717,MIAE00242
HQ898718,MIAE00243
HQ898719,MIAE00248
HQ898720,MIAE00249
HQ898721,MIAE00250
HQ898722,MIAE00251
HQ898723,MIAE00252
HQ898724,MIAE00253
HQ898725,MIAE00272
HQ898726,MIAE00273
HQ898727,MIAE00274
HQ898728,MIAE00275
HQ898729,MIAE00276
HQ898730,MIAE00277
HQ898731,MIAE00255
HQ898732,MIAE00256
HQ898733,MIAE00257
HQ898734,MIAE00258
HQ898735,MIAE00259
HQ898736,MIAE00260
HQ898737,MIAE00261
HQ898738,MIAE00280
HQ898739,MIAE00281
HQ898740,MIAE00356
HQ898741,MIAE00359
HQ898742,MIAE00352
HQ898743,MIAE00351
HQ898744,MIAE00217
HQ898745,MIAE00284
HQ898746,MIAE00374
HQ898747,MIAE00354
HQ898748,MIAE00355
HQ898749,MIAE00361
HQ898750,MIAE00362
HQ898751,MIAE00363
HQ898752,MIAE00364
HQ898753,MIAE00366
HQ898754,MIAE00367
HQ898755,MIAE00368
HQ898756,MIAE00369
HQ898757,MIAE00370
HQ898758,MIAE00371
HQ898759,MIAE00372
HQ898760,MIAE00373
HQ898761,MIAE00353
HQ898762,MIAE00360
HQ898763,MIAE00159
HQ898764,MIAE00213
HQ898765,MIAE00221
HQ898766,MIAE00278
HQ898767,MIAE00279
HQ898768,MIAE00375
JN034675,M805
JN545836,AG-4 HG-I
JQ313811,DB DB 201211
JQ675535,NFCCI 2601
JQ675536,NFCCI 2602
JQ616849,AG2-1
JQ616852,AG2-1
JQ616853,AG2-1
JQ616855,AG4-HGI
JQ616856,AG4-HGI
JQ616857,AG4-HGI
JQ616858,AG4-HGIII
JQ616859,AG4-HGIII
JQ616860,AG4-HGI
JQ616861,AG4-HGI
JQ616862,AG4-HGI
JQ616863,AG4
JQ616864,AG2-1
JQ616865,AG2-1
JQ616866,AG2-1
JQ616867,AG2-1
JQ616869,AG4-HGIII
JQ616870,AG2-1
JQ616871,AG2-1
JQ616872,AG2-1
JQ616874,AG2-1
JQ812797,JWC-14
JQ812798,JGY-17
JQ812799,JGY-5
JQ812800,JFN-4
JQ812801,MGY-1
JQ812802,MCH-7
JQ812803,JWC-1
JQ812804,JZB-1
JQ812805,MWC-4
JQ812806,MCH
JQ311915,AG1-IA
JX294316,11D
JX294318,3240
JX294319,3242
JX294321,3620
JX294323,3626
JX294327,3677
JX294328,3791
JX294329,3794
JX294332,3798
JX294333,3800
JX294334,3801
JX294335,3803
JX294338,3808
JX294340,3812
JX294341,3838
JX294343,3843
JX294344,3845
JX294346,3979
JX294347,4160
JX294348,4161
JQ676844,R002
JQ676845,R003
JQ676846,R004
JQ676849,R007
JQ676850,R008
JQ676852,R010
JQ676853,R011
JQ676854,R013
JQ676855,R014
JQ676856,R017
JQ676857,R018
JQ676858,R020
JQ676859,R022
JQ676860,R023
JQ676861,R025
JQ676862,R026
JQ676863,R028
JQ676864,R029
JQ676865,R030
JQ676866,R033
JQ676867,R035
JQ676868,R036
JQ676869,R037
JQ676870,R038
JQ676872,R040
JQ676873,R041
JQ676874,R042
JQ676875,R043
JQ676876,R044
JQ676878,R047
JQ676879,R048
JQ676880,R049
JQ676881,R050
JQ676882,R052
JQ676884,R054
JQ676885,R055
JQ676886,R058
JQ676887,R059
JQ676888,R061
JQ676889,R063
JQ676890,R064
JQ676891,R065
JQ676892,R066
JQ676893,R067
JQ676894,R068
JQ676895,R069
JQ676897,R071
JQ676898,R072
JQ676899,R074
JQ676900,R075
JQ676901,R076
JQ676902,R077
JQ676903,R078
JQ676904,R079
JQ676905,R080
JQ676906,R081
JQ676907,R082
JQ676908,R083
JQ676910,R086
JQ676911,R087
JQ676913,R089
JQ676914,R090
JQ676915,R093
JQ676916,R094
JQ676917,R095
JQ676918,R097
JQ676919,R098
JQ676921,R100
JQ676923,R102
JQ676924,R103
JQ676925,R104
JQ676927,R110
JQ676928,R111
JQ676929,R112
JQ676930,R113
JQ676931,R114
JQ676932,R115
JQ676933,R116
JQ676934,R117
JQ676935,R118
JQ676936,R119
JQ676937,R120
JQ676938,R121
JQ676939,R122
JQ676940,R123
JX631156,AG 1-IB
JX631157,AG 1-IB
JX631158,AG 1-IB
JX631159,AG 1-IB
JX631160,AG 1-IB
JX631161,AG 1-IB
JX631162,AG 1-IB
JX631163,AG 1-IB
JX631164,AG 1-IB
JX631165,AG 1-IB
JX631166,AG 1-IB
JX631167,AG 1-IB
JX631168,AG 1-IB
JX631169,AG 1-IB
JX631170,AG 1-IB
JX631171,AG 1-IB
JX631172,AG 1-IB
JX631173,AG 1-IB
JX631174,AG 2-2IIIB
JX631175,AG 2-2IIIB
JX631176,AG 2-2IIIB
JX631177,AG 2-2IIIB
JX631178,AG 2-2IIIB
JX631179,AG 2-2IIIB
JX631180,AG 2-2IIIB
JX631181,AG 2-2IIIB
JX631182,AG 2-2IIIB
JX631183,AG 2-2IIIB
JX631184,AG 2-2IIIB
JX631185,AG 2-2IIIB
JX631186,AG 2-2IIIB
JX631187,AG 2-2IIIB
JX631188,AG 2-2IIIB
JX631189,AG 2-2IIIB
JX631190,AG 2-2IIIB
JX631191,AG 2-2IIIB
JX631192,AG 2-2IIIB
JX631193,AG 2-2IIIB
JX631194,AG 2-2IIIB
JX631195,AG 2-2IIIB
JX631196,AG 2-2IIIB
JX631197,AG 2-2IIIB
JX631198,AG 2-2IIIB
JX631199,AG 2-2IIIB
JX631200,AG 2-2IIIB
JX631201,AG 2-2IIIB
JX631202,AG 2-2IIIB
JX631203,AG 2-2IIIB
JX631204,AG 5
JX913809,AG-2-2 IIIB
JX913810,AG-2-2 IIIB
JX913811,AG-2-2 IIIB
JX913812,AG-2-2 IIIB
JX913813,AG-2-2 IIIB
JX913814,AG-2-2 IIIB
JX913815,AG-2-2 IIIB
JX913816,AG-1 1A
KC005724,DB070712
JX843818,AG4-HGII
JX843819,AG4-HGII
JX843820,AG4-HGII
KC413984,AG2-2IIIB
KC413985,AG2-2IIIB
KC413986,AG2-2IIIB
KC493638,DB041212
KF907702,AG 1-IA
KF907703,AG 1-IA
KF907704,AG 1-IA
KF907705,AG 1-IA
KF907706,AG 1-IA
KF907707,AG 1-IA
KF907708,AG 1-IA
KF907709,AG 1-IA
KF907710,AG 1-IA
KF907711,AG 1-IA
KF907712,AG 1-IA
KF907713,AG 1-IA
KF907714,AG 1-IA
KF907715,AG 1-IA
KF907716,AG 1-IB
KF907717,AG 1-IB
KF907718,AG 1-IB
KF907719,AG 1-IB
KF907720,AG 1-ID
KF907721,AG 1-ID
KF907722,AG 1-ID
KF907723,AG 1-ID
KF907724,AG 1-ID
KF907725,AG 1-ID
KF907726,AG 2-2WB
KF907727,AG 2-2WB
KF907728,AG 2-2WB
KF907729,AG 2-2WB
KF907730,AG 1IG
KF907731,AG 4-HGI
KF907732,AG 4-HGI
KF907733,AG 4-HGI
KF870886,10-C-F_5C
KF870887,10-C-F_16C
KF870888,10-C-F_20C
KF870889,10-C-T_7R
KF870890,10-C-T_13C
KF870891,10-D4_16R
KF870892,10-D5_3C
KF870893,10-D5_12C
KF870894,11-A2_16R
KF870895,11-A4_10C
KF870896,11-A7_4C
KF870897,11-A10_9C
KF870898,11-A10_10C
KF870899,11-A10_11C
KF870900,11-A10_16C
KF870901,D4_5R
KF870902,D4_9C
KF870903,D4_12_C
KF870904,D4_14R
KF870905,D5_12C
KF870906,D5_13C
KF870907,D5_19_C
KF870908,D5_19S
KF870909,D6_16C
KF870910,M1_1C
KF870911,M1_2S
KF870912,M1_6S
KF870913,M1_8S
KF870914,M1_9C
KF870915,M1_12C
KF870916,10-C-5_10R
KF870917,10-C-5_19C
KF870918,10-D-10_9C
KF870919,10-D-10_11C
KF870920,10-M13_8C
KF870921,10-M13_19C
KF870922,10-M13S_5C
KF870923,10-M13S_6C
KF870924,11-M11_14C
KF870925,11-M11_20C
KF870926,M6_14C
KF870927,M7_2C
KF870928,M7_3C
KF870929,M7_4C
KF870930,M7_7C
KF870931,M7_8C
KF870932,M7_10R
KF870933,M7_11R
KF870934,M7_12C
KF870935,M7_16R
KF870936,M9_16R
KF870937,M9_18C
KF870938,M9_19R
KF870939,M10_1C
KF870941,M10_3C
KF870942,M10_9C
KF870943,M10_13C
KF870944,M10_18C
KF870945,M10_21C
KF870946,M10_23C
KF870947,M11_1R
KF870948,M11_4R
KF870949,M11_9R
KF870950,M11_16C
KF870951,M11_18C
KF870952,M11_24R
KF870953,10-C-P1_4C
KF870954,10-C-P1_5C
KF870955,10-C-P1_6C
KF870956,10-C-P1_7R
KF870957,10-C-P1_8C
KF870958,10-C-P1_11C
KF870959,10-C-P1_12C
KF870960,10-C-P1_13C
KF870961,10-C-P1_15C
KF870962,10-C-P1_16C
KF870963,10-C-P1_17R
KF870964,10-C-P1_18C
KF870965,10-C-P1_20C
KF870966,10-C-P3_10C
KF870967,10-C-P3_15C
KF870968,10-D7-13_12_C
KF870969,11-S3_4C
KF870970,11-S3_10C
KF870971,11-S3_14C
KF870972,11-S4_14C
KF870973,11-S4_15C
KF870974,11-S4_16C
KF870975,11-S4_20C
KF870976,11-S5_1C
KF870977,11-S5_2C
KF870978,11-S5_4C
KF870979,11-S5_6C
KF870980,11-S5_7C
KF870981,11-S5_8C
KF870982,11-S5_9C
KF870983,11-S5_10C
KF870984,11-S5_11C
KF870985,11-S5_13R
KF870986,11-S5_14C
KF870987,11-S5_15C
KF870988,11-S6_6C
KF870989,11-S6_7C
KF870990,11-S6_11C
KF870991,11-S6_15C
KF870992,11-S6_16C
KF870993,11-S6_18C
KF870994,11-S6_19C
KF870995,CMC2_9C
KF870996,D7_11C
KF870997,D8_13R
KJ652221,Capip2
KJ777547,AG3
KJ777555,AG3
KJ777562,AG3
KM283226,R2
KM283227,R3
KM283228,R4
KM283230,R6
KM283231,R7
KM283232,R11
KM283233,R12
KM283234,R13
KF959669,HPBaj
KF959670,HPKul
KF959671,HPDhk
KF959672,HPSnG
KF959673,HPSdw
KF959674,HPAhr
KF959675,UAAlm
KF959676,UAHwb
KF959678,SKM
KF959679,UPVns
KF959680,UPCnd
KF959681,UPFzb
KF959682,UPLck
KF959683,ODJsp
KF959684,JHRch
KF959685,MHKlp
KF959686,RJUdp
KF959687,RJJhr
KF959688,RJLhs
KF959689,RJFtn
KF959690,RJSrm
KF959691,APElr
KF959692,APHyd
KF959693,APRng
KF959694,APHyd
KF959695,HRLdw
KF959696,HRDbw
KF959697,HRSrs
KF959698,HRJhk
KF959699,HRFbd
KF959700,HRBgd
KF959701,HRRta
KF959702,HRDtp
KF959703,HRAsd
KF959704,HRKth
KF959705,HRTek
KF959706,HRKrl
KF959707,HRKrl
KF959708,HRJdl
KF959709,HRUch
KF959710,HRPck
KF959711,HRZnd
KF959712,HRSnp
KF959713,HRBwl
KF959714,PJLud
KF959715,HRKuk
KF959716,HRPpl
KF959717,HRPti
KF959718,HRKau
KF959719,HRKau
KF959720,HRBhw
KF959721,HRHns
KF959722,HRYmn
KF959723,JHDmk
KF959724,HRPnp
KF959725,HRBdo
KF959726,HRJhj
KF959727,HRNrw
KF959728,HRDnu
KF959729,PJHsp
KF959730,DLKbg
KP059879,AGI-1AKA
KP013069,AG-2-1
KP013070,AG-3 PT
KP013071,AG-3 PT
KP013072,AG-5
KP662690,AG-5
KP662691,AG-4HGI
KP662692,AG-2-1
KP662693,AG-2-1
KP202862,AG-1 IB
KP296705,QM-1
KP171634,AG-1-IA
KP411232,SYC12-1-1
KP411233,SCY12-2-3
KP411234,SCY8-1-3
KP411235,SCY8-1-2
KP736173,Rs52/B
KP736175,Rs57/B
KP736176,Rs58/B
KP736177,Rs59/B
KP736178,Rs62/B
KP736179,Rs63/B
KP736180,Rs64/B
KP736181,Rs65/B
KP736196,Rs86/B
KP736197,Rs87/B
KP978016,AG-1 IA
KT345948,AG2-1
KT286731,LXlg-1
KT286732,RZcd-1
KU161133,7F2
KU161134,10F31
KU161142,10F29
KU216129,AG1-IB
KX101052,CRI-Rs1
KX101053,CRI-Rs2
KX130695,AG-4 HG-I
KX130696,AG-4 HG-I
KX130697,AG-4 HG-I
KX130698,AG-4 HG-I
KX130699,AG-4 HG-I
KX130700,AG-4 HG-I
KX130701,AG-4 HG-I
KX130702,AG-4 HG-I
KX130703,AG-4 HG-I
KX130704,AG-4 HG-I
KX130705,AG-4 HG-I
KX130706,AG-4 HG-I
KX130707,AG-4 HG-I
KX130708,AG-4 HG-I
KX130709,AG-4 HG-I
KX130710,AG-4 HG-I
KX130711,AG-4 HG-I
KX130712,AG-4 HG-I
KX130713,AG-4 HG-I
KX130714,AG-4 HG-I
KX130715,AG-4 HG-I
KX130716,AG-4 HG-I
KX130718,AG-4 HG-I
KX130719,AG-4 HG-I
KX130720,AG-4 HG-I
KX130721,AG-4 HG-I
KX130722,AG-4 HG-I
KX130723,AG-4 HG-I
KX130724,AG-4 HG-I
KX130725,AG-4 HG-I
KX397678,CIMAP16 WitRh-1
KX852461,AG-3 TA21
KY684287,SQU14135
KY684288,SQU14129
KX583261,RhDAG72
KX583262,RhDAG20
KX583263,RhDAG21
KT366772,CMM4150
KT366773,CMM4151
KT366774,CMM4259
KT366775,CMM121
KT366776,CMM2187
KT366777,CMM4403
KT366778,CMM2196
KT366779,CMM3098
KT366780,CMM3886
KT366781,CMM4135
KT366782,CMM4212
KT366783,CMM4233
KT366784,CMM4407
KT366785,CMM4234
KT366786,CMM4236
KT366787,CMM4254
KT366788,CMM4404
KT366789,CMM4411
KT366790,CMM4154
KT366791,CMM1350
KT366792,CMM4261
KT366793,CMM4405
KT366794,CMM4408
KT366795,CMM1787
KT366796,CMM1839
KT366797,CMM4133
KT366798,CMM4523
KT366799,CMM4255
KT366800,CMM4132
KT366801,CMM4414
KT366802,CMM1797
KT366803,CMM1806
KT366804,CMM1861
KT366805,CMM1862
KT366806,CMM2023
KT366807,CMM2099
KT366808,CMM4152
KT366809,CMM4153
KT366810,CMM4206
KT366811,CMM4256
KT366812,CMM4257
KT366813,CMM4395
KT366814,CMM4396
KT366815,CMM4412
KT366816,CMM4413
KT366817,CMM4415
KT366818,CMM4420
KT366819,CMM4424
KT366820,CMM2464
MG515404,MN Rhizoctonia AG4-HGI
MG515405,MN Rhizoctonia AG4-HGI
MG515406,MN Rhizoctonia AG4-HGI
MG515408,MN Rhizoctonia AG1-IB
MG515409,MN Rhizoctonia AG4-HGII
MG711649,AG2-1
MF447834,AG-1-IB
MF085062,CMAA1590
MF085063,CMAA1593
MF085064,CMAA1594
MF085065,CMAA1596
MF085066,CMAA1589
MF085067,CMAA1591
MF085068,CMAA1592
MF085069,CMAA1595
MF085070,CMAA1597
MF093753,CIRENA02
MG264304,IBRS04
MG264305,IBRS11
MG264306,IBRS15
MG264307,IBRS16
MG264308,IBRS18
MG264309,IBRS19
MG264310,IBRS20
MG264311,IBRS21
MG264312,IBRS23
MG264313,IBRS24
MG264314,IBRS22
MG264315,IBRS22
MG264316,IBRS22
MH266060,U905
MH266061,U898
MH266062,D1845
MH266063,D1851
MF474259,Rz14-7 AG4 HGI
MF474260,RZ15-4 AG2-1
MF804911,RhDAG18
MH861503,CBS 362.82
MH861562,CBS 159.83
MH861563,CBS 160.83
MH861564,CBS 161.83
MH861565,CBS 162.83
MH861566,CBS 165.83
MH861567,CBS 166.83
MH861568,CBS 167.83
MH861569,CBS 169.83
MH861731,CBS 210.84
MH861739,CBS 323.84
MH861740,CBS 326.84
MH861741,CBS 336.84
MH861742,CBS 339.84
MH861743,CBS 343.84
MH862636,CBS 198.97
MH862637,CBS 200.97
MH862638,CBS 201.97
MH862639,CBS 202.97
MH862640,CBS 203.97
MH862641,CBS 204.97
MH862642,CBS 205.97
MH862643,CBS 206.97
MH862752,CBS 101764
MH862753,CBS 101768
MH862756,CBS 101771
MH862758,CBS 101775
MH863393,CBS 124593
MH863394,CBS 124594
MH025377,SQU14018
MH025378,SQU14088
MH483954,GL1711080301
MH483955,GL171108130801
MH483956,GL1110160301
MH483957,GL1110160501
MH483958,GL1110170301
MH483959,GL1205220601
MH483960,GL1110160401
MH483961,BC1608240501
MH483962,GL1607010202
MH483963,GL1508251301
MH483964,XBC1409170901
MH483965,JC1509103202
MH483966,BC1309131902
MH483967,BC1309131901
MK336664,1
MK336665,2
MK336666,3
MK336667,4
MK336668,5
MK336669,6
MK336670,7
MK336671,8
MK336672,9
MK336673,10
MK336674,11
MK336675,12
MK336676,13
MK336677,14
MK336678,15
MK336679,16
MK336680,17
MK336681,18
MK336682,19
MK336683,20
MK336684,21
MK336685,22
MK336686,23
MK336687,24
MK336688,25
MK336689,26
MK336690,27
MK336691,28
MK336692,29
MK336693,30
MK336694,31
MK336695,32
MK336696,33
MK336697,34
MK336698,35
MK336699,36
MK336700,37
MK336701,38
MK336702,39
MK336703,40
MK336704,41
MK336705,42
MK336706,43
MK336707,44
MK336708,45
MK336709,46
MK336710,47
MK336711,48
MK336712,49
MK336713,50
MK517535,AG2-1
MK583626,AG1-IB
MK583627,AG1-IB
MK583628,AG1-IB
MK583629,AG1-IB
MK583630,AG-BI
MK583631,AG-BI
MK583632,AG-BI
MK583633,AG-BI
MK583634,AG-BI
MK583635,AG4-HGI
MK583636,AG4-HGI
MK583637,AG4-HGI
MK583638,AG-BI
MK583639,AG1-IB
MK583640,AG-BI
MK583641,AG-BI
MK583642,AG-BI
MK583643,AG1-IB
MK583644,AG1-IB
MK583645,AG1-IB
MK583646,AG4-HGI
MK583647,AG4-HGI
MK583648,AG2-1
MK583649,AG2-1
MK583650,AG2-1
MK583651,AG2-1
MH675546,GY001
MK734392,ROB3A3_AG-1 IA
MK734393,ROB1A5_AG-1 IA
MK734394,BHM4_C31 _AG-1 IA
MK734395,BHM4_A13 _AG-1 IA
MK734396,BHM3_B29_AG-1 IA
MK734397,BHM3_B19_AG-1 IA
MK734398,BHM3_B18_AG-1 IA
MK734399,ROB2B5_AG-1 IA
MK734400,RRV2C5-1_AG-1 ID
MK734401,RRV2D1-1_AG-1 ID
MK734402,BEL_59_AG-1 ID
MK734403,BEL_60_AG-1 ID
MK734404,RRV2D6-1_AG-1 ID
MK734405,BEL_71_AG-1 ID
MK734406,MTS_110_AG-1 IE
MK734407,SJ_129_AG-1 IE
MK734408,MA_190_AG-1 IE
MK734409,MA_173_AG-1 IE
MK734410,MA_171_AG-1 IE
MK734411,RRS1D7-1_AG-1 IF
MK734412,RRV2A6-2_AG-1 IF
MK734413,RRV2A5-1_AG-1 IF
MK734414,RRV2A4-2_AG-1 IF
MK734415,RRV2A2-1_AG-1 IF
MK734416,RRV2A1-1_AG-1 IF
MK734417,RRS1D1-1_AG-1 IF
MK734418,RRS1C8-2_AG-1 IF
MK749437,ROB3A3_AG-1 IA
MK749438,ROB1A5_AG-1 IA
MK749439,BHM4_C31_AG-1 IA
MK749440,BHM4_A13_AG-1 IA
MK749441,BHM3_B29_AG-1 IA
MK749442,BHM3_B19_AG-1 IA
MK749443,BHM3_B18_AG-1 IA
MK749444,ROB2B5_AG-1 IA
MN160664,W1624
MN160665,W1885
MN160666,W1886
MN160669,C1904
MN160670,C1905
MN160671,S1912
MN160672,S1913
MN160673,G1918
MN160674,G1919
MN160675,G1921
MN160676,G1922
MN160677,G1923
MN160678,G1924
MN160679,G1925
MN160680,G1926
MN160681,G1927
MN160682,G1928
MN160683,G1929
MN160684,G1930
MN160685,G1931
MN160689,C1952
MN160690,C1953
MN160691,C1955
MN160692,C2004
MN160693,C2007
MN160694,C2008
MN160695,C2010
MN160696,C2012
MN160697,S2023
MN160698,S2050
MN160699,C2143
MN160700,C2144
MN160701,C2146
MN160702,C2148
MN160704,S2172
MN160705,S2222
MN160706,C2352
MN160707,S2357
MN265839,R. solani AG-5
MN265840,R. solani AG-5
MN265844,R solani AG 2-1
MN265836,R. solani AG-4 HG-I
MN265837,R. solani AG-4 HG-I
MN265838,R. solani AG-4 HG-I
MN265845,R solani AG 2-1
MN265846,R solani AG 2-1
MN265849,R solani AG 2-1
MN265850,R solani AG 2-1
MN265851,R solani AG 2-1
MN265852,R solani AG 2-1
MN265853,R solani AG 2-1
MT385836,AG2-2IIIB
MT406271,AG2-2IIIB
MT523021,AG-3
MT672318,AG 2-2
MT679722,AG-2-2IIIB
MT815908,20/05
MW369685,20/52
MZ274468,ESCJZ9
MZ274469,ESCJZ10
MZ373271,RH230
MZ831296,p2-2
MZ831297,p6215
MZ831298,p2-3
MZ831299,p2-5
MZ836267,3T-1
MZ836268,3T-3
MZ836269,3T-4
MZ836270,3T-6
MZ836271,3T-5
MZ836272,BS-5
MZ836273,DB-5
MZ836274,MJ-25
MZ836275,MJ-102
MZ836276,3T-2
MZ836277,MJ-17
MZ836278,MJ-71
MZ836279,MJ-103
MZ836280,MJ1
MZ836281,MJ-94
MZ836282,MJ-13
MZ836283,MJ-16
MZ836284,LC-6
MZ836285,BS-4
MZ836286,MJ-42
MZ854089,I8AF
OM095383,R1
OM095384,R2
OM095385,R3
OM095386,R4
OM095387,R5
OM095388,R6
ON427945,RS4
OQ410434,RS1-AG-4
OQ410435,RS4-AG-4
OQ410436,RS5-AG-2-1
